,x,y,z,cluster
0,115,268,129,0
1,409,112,328,0
2,475,452,88,0
3,416,346,311,0
4,97,272,302,0
5,246,232,469,0
6,212,352,445,0
7,176,346,70,0
8,101,495,494,0
9,383,295,388,0
10,390,448,100,0
11,212,148,214,0
12,269,153,103,0
13,177,202,293,0
14,136,368,223,0
15,174,186,187,0
16,406,363,304,0
17,69,184,451,0
18,140,212,97,0
19,172,59,134,0
20,60,122,353,0
21,235,353,103,0
22,418,279,74,0
23,208,474,385,0
24,146,138,148,0
25,452,423,130,0
26,248,336,315,0
27,93,322,405,0
28,372,370,114,0
29,223,350,139,0
30,315,121,128,0
31,263,301,67,0
32,401,178,410,0
33,196,463,110,0
34,332,361,177,0
35,477,349,155,0
36,148,278,380,0
37,411,69,324,0
38,153,175,400,0
39,103,266,84,0
40,145,119,435,0
41,95,299,124,0
42,462,390,65,0
43,456,54,303,0
44,358,478,136,0
45,370,336,324,0
46,232,83,338,0
47,425,162,496,0
48,272,129,125,0
49,223,397,264,0
50,489,164,181,0
51,141,364,317,0
52,74,226,123,0
53,264,315,281,0
54,291,152,345,0
55,302,99,200,0
56,98,270,399,0
57,201,183,85,0
58,253,444,73,0
59,362,341,224,0
60,362,158,133,0
61,93,255,242,0
62,393,97,144,0
63,126,164,425,0
64,228,309,416,0
65,213,287,173,0
66,454,56,269,0
67,475,303,494,0
68,411,487,225,0
69,408,137,51,0
70,55,89,226,0
71,390,445,215,0
72,68,209,210,0
73,59,405,357,0
74,104,358,93,0
75,114,435,470,0
76,449,297,209,0
77,395,300,290,0
78,460,50,492,0
79,243,285,354,0
80,429,478,395,0
81,469,60,298,0
82,445,355,446,0
83,240,228,456,0
84,260,220,218,0
85,368,411,112,0
86,170,460,489,0
87,153,217,62,0
88,351,476,387,0
89,160,467,477,0
90,484,381,226,0
91,362,330,378,0
92,241,160,363,0
93,433,304,456,0
94,270,144,198,0
95,208,444,82,0
96,197,491,264,0
97,133,295,299,0
98,151,231,175,0
99,376,260,118,0
100,201,291,325,0
101,444,296,257,0
102,273,386,248,0
103,284,363,113,0
104,441,116,86,0
105,98,383,472,0
106,247,117,286,0
107,483,86,93,0
108,210,110,466,0
109,409,55,215,0
110,313,441,454,0
111,127,174,284,0
112,422,429,284,0
113,275,469,83,0
114,110,332,274,0
115,300,473,291,0
116,144,166,142,0
117,343,400,356,0
118,421,416,395,0
119,198,95,112,0
120,332,244,262,0
121,181,108,318,0
122,279,177,290,0
123,324,398,157,0
124,63,451,399,0
125,135,433,324,0
126,287,293,458,0
127,430,233,469,0
128,317,71,245,0
129,169,202,395,0
130,157,193,184,0
131,154,438,330,0
132,302,379,165,0
133,215,227,73,0
134,86,310,180,0
135,341,56,246,0
136,377,419,243,0
137,406,470,322,0
138,203,252,121,0
139,119,152,111,0
140,250,392,420,0
141,234,78,269,0
142,138,231,153,0
143,148,377,204,0
144,386,258,232,0
145,341,202,94,0
146,198,231,177,0
147,191,296,201,0
148,209,227,404,0
149,483,451,251,0
150,474,429,65,0
151,95,220,472,0
152,265,125,335,0
153,412,309,371,0
154,117,211,347,0
155,184,495,289,0
156,344,204,199,0
157,170,388,68,0
158,469,462,81,0
159,343,386,51,0
160,62,447,98,0
161,146,188,78,0
162,203,261,151,0
163,61,155,190,0
164,265,92,95,0
165,186,173,447,0
166,451,372,301,0
167,308,58,303,0
168,201,379,207,0
169,294,208,196,0
170,51,390,53,0
171,209,98,397,0
172,476,390,200,0
173,306,443,410,0
174,333,489,378,0
175,133,121,447,0
176,74,470,215,0
177,186,88,187,0
178,416,403,52,0
179,238,318,75,0
180,126,63,115,0
181,418,168,343,0
182,498,294,390,0
183,296,275,265,0
184,359,134,391,0
185,128,331,495,0
186,485,321,381,0
187,492,54,234,0
188,357,342,228,0
189,60,80,449,0
190,143,226,342,0
191,66,242,423,0
192,87,171,270,0
193,104,109,467,0
194,477,71,93,0
195,309,181,366,0
196,87,441,458,0
197,221,273,378,0
198,457,144,188,0
199,221,190,423,0
200,172,436,227,0
201,431,293,404,0
202,283,55,102,0
203,86,278,457,0
204,283,202,353,0
205,138,206,258,0
206,314,229,127,0
207,55,232,427,0
208,70,217,239,0
209,142,495,178,0
210,268,324,355,0
211,262,295,361,0
212,353,393,81,0
213,300,260,371,0
214,207,146,466,0
215,287,83,304,0
216,165,431,267,0
217,405,357,133,0
218,162,425,412,0
219,408,158,296,0
220,129,375,419,0
221,309,146,364,0
222,210,108,151,0
223,464,288,366,0
224,278,293,427,0
225,420,145,145,0
226,442,129,134,0
227,104,457,154,0
228,313,298,420,0
229,295,242,196,0
230,304,357,499,0
231,104,217,330,0
232,329,311,172,0
233,241,121,85,0
234,381,497,284,0
235,441,193,354,0
236,54,250,293,0
237,264,437,210,0
238,213,80,227,0
239,224,382,281,0
240,207,393,122,0
241,120,141,443,0
242,229,363,262,0
243,369,369,392,0
244,62,400,239,0
245,84,357,491,0
246,230,136,419,0
247,134,132,70,0
248,227,407,242,0
249,162,442,380,0
250,52,177,251,0
251,280,468,456,0
252,273,199,445,0
253,322,233,105,0
254,263,473,491,0
255,164,128,314,0
256,367,70,434,0
257,131,422,477,0
258,367,379,116,0
259,366,181,338,0
260,90,340,174,0
261,140,89,200,0
262,177,329,446,0
263,306,471,167,0
264,225,173,417,0
265,376,369,300,0
266,59,133,332,0
267,236,418,355,0
268,359,207,163,0
269,341,158,127,0
270,169,398,111,0
271,141,193,97,0
272,184,472,458,0
273,183,463,431,0
274,60,236,404,0
275,162,317,157,0
276,355,446,127,0
277,179,75,321,0
278,490,84,174,0
279,130,61,91,0
280,474,104,76,0
281,361,300,230,0
282,148,94,263,0
283,480,212,422,0
284,61,335,253,0
285,173,328,83,0
286,167,124,283,0
287,127,406,71,0
288,243,302,114,0
289,131,232,109,0
290,289,101,327,0
291,416,296,362,0
292,130,301,437,0
293,394,497,310,0
294,187,316,307,0
295,171,87,103,0
296,438,302,431,0
297,144,471,302,0
298,394,103,223,0
299,393,443,110,0
300,426,458,153,0
301,479,160,393,0
302,97,88,308,0
303,61,244,286,0
304,433,257,126,0
305,105,296,475,0
306,354,312,407,0
307,298,357,447,0
308,192,215,153,0
309,69,266,160,0
310,77,106,481,0
311,323,66,247,0
312,125,226,387,0
313,350,214,418,0
314,149,411,491,0
315,234,175,80,0
316,302,223,490,0
317,95,334,325,0
318,182,192,263,0
319,266,446,342,0
320,245,87,82,0
321,336,244,140,0
322,162,362,266,0
323,298,302,65,0
324,305,69,87,0
325,445,197,216,0
326,434,82,262,0
327,345,58,194,0
328,376,325,256,0
329,332,263,305,0
330,213,162,101,0
331,181,462,254,0
332,220,327,343,0
333,67,315,88,0
334,385,222,476,0
335,391,221,279,0
336,423,347,395,0
337,68,429,421,0
338,94,172,350,0
339,261,353,491,0
340,293,490,159,0
341,311,72,386,0
342,210,411,321,0
343,206,86,65,0
344,401,323,446,0
345,186,339,196,0
346,388,258,146,0
347,171,421,459,0
348,287,197,195,0
349,175,440,397,0
350,97,166,258,0
351,56,426,465,0
352,72,373,348,0
353,258,391,449,0
354,177,372,315,0
355,369,297,75,0
356,175,314,134,0
357,484,146,397,0
358,301,311,456,0
359,485,54,446,0
360,324,251,474,0
361,128,199,158,0
362,307,206,193,0
363,288,193,52,0
364,433,359,352,0
365,270,264,367,0
366,101,242,458,0
367,123,314,323,0
368,252,227,496,0
369,102,152,200,0
370,352,82,398,0
371,429,249,449,0
372,485,460,51,0
373,415,103,106,0
374,126,268,132,0
375,378,430,296,0
376,269,133,386,0
377,273,97,219,0
378,338,493,211,0
379,440,417,230,0
380,352,172,238,0
381,110,407,112,0
382,237,415,377,0
383,433,375,426,0
384,177,410,330,0
385,171,291,210,0
386,460,196,159,0
387,282,235,401,0
388,326,98,225,0
389,210,238,427,0
390,61,178,472,0
391,129,483,372,0
392,404,444,51,0
393,131,277,164,0
394,200,385,320,0
395,409,75,153,0
396,190,478,320,0
397,189,177,52,0
398,279,78,205,0
399,334,180,180,0
400,67,303,406,0
401,86,443,62,0
402,201,149,408,0
403,421,330,413,0
404,485,483,385,0
405,101,200,498,0
406,378,97,326,0
407,327,281,102,0
408,127,198,476,0
409,239,171,379,0
410,140,487,220,0
411,157,245,309,0
412,422,243,213,0
413,398,148,405,0
414,197,91,423,0
415,129,438,166,0
416,335,110,405,0
417,407,414,378,0
418,77,230,450,0
419,158,486,345,0
420,145,96,73,0
421,65,76,337,0
422,58,193,344,0
423,60,333,310,0
424,59,252,150,0
425,269,332,476,0
426,391,94,195,0
427,190,266,238,0
428,53,76,363,0
429,450,347,363,0
430,327,183,87,0
431,173,494,72,0
432,68,117,124,0
433,53,115,329,0
434,145,249,387,0
435,70,60,391,0
436,296,465,455,0
437,485,490,305,0
438,420,313,139,0
439,163,333,381,0
440,393,320,493,0
441,326,156,190,0
442,201,261,54,0
443,460,189,242,0
444,365,430,417,0
445,358,279,364,0
446,276,379,51,0
447,210,416,490,0
448,138,154,270,0
449,144,238,196,0
450,247,408,287,0
451,181,340,185,0
452,134,231,418,0
453,380,67,54,0
454,85,84,370,0
455,84,117,147,0
456,274,189,491,0
457,473,248,68,0
458,72,356,306,0
459,199,339,467,0
460,94,434,431,0
461,306,104,301,0
462,335,246,55,0
463,71,336,405,0
464,89,470,378,0
465,478,373,298,0
466,359,155,377,0
467,288,485,330,0
468,382,449,203,0
469,235,488,255,0
470,212,404,119,0
471,177,436,127,0
472,316,215,453,0
473,163,103,309,0
474,240,351,361,0
475,250,394,460,0
476,126,481,182,0
477,176,296,202,0
478,402,423,442,0
479,331,221,224,0
480,461,126,354,0
481,56,435,153,0
482,184,450,155,0
483,481,122,317,0
484,382,359,64,0
485,313,492,404,0
486,395,258,59,0
487,491,418,291,0
488,458,416,369,0
489,445,252,78,0
490,259,418,444,0
491,423,405,141,0
492,476,203,64,0
493,375,137,110,0
494,277,199,59,0
495,148,213,367,0
496,438,343,442,0
497,365,267,369,0
498,55,54,285,0
499,239,69,218,0
500,433,337,372,0
501,321,288,104,0
502,244,228,397,0
503,161,149,91,0
504,220,408,375,0
505,283,312,407,0
506,227,496,407,0
507,177,362,168,0
508,433,441,317,0
509,323,234,479,0
510,113,76,412,0
511,74,288,454,0
512,161,238,334,0
513,323,178,304,0
514,264,450,417,0
515,390,238,443,0
516,249,441,277,0
517,412,54,293,0
518,500,170,430,0
519,224,461,283,0
520,208,270,184,0
521,328,205,139,0
522,88,91,50,0
523,446,250,496,0
524,366,263,274,0
525,292,60,238,0
526,231,217,443,0
527,397,230,294,0
528,119,194,75,0
529,200,185,313,0
530,139,67,256,0
531,108,202,219,0
532,160,236,52,0
533,446,228,63,0
534,451,220,54,0
535,160,397,302,0
536,478,102,103,0
537,451,191,314,0
538,77,377,97,0
539,277,200,289,0
540,121,478,216,0
541,225,58,155,0
542,230,105,459,0
543,224,250,219,0
544,263,336,86,0
545,462,240,96,0
546,400,475,160,0
547,70,449,498,0
548,233,249,314,0
549,414,457,162,0
550,347,485,75,0
551,264,265,493,0
552,487,293,117,0
553,330,151,389,0
554,439,178,145,0
555,423,86,340,0
556,189,418,290,0
557,172,266,316,0
558,159,478,370,0
559,55,210,143,0
560,379,424,63,0
561,246,213,255,0
562,464,136,65,0
563,355,181,84,0
564,419,353,423,0
565,80,59,375,0
566,244,411,346,0
567,85,125,443,0
568,210,228,341,0
569,311,242,375,0
570,274,385,349,0
571,218,122,271,0
572,112,330,269,0
573,318,162,332,0
574,126,457,408,0
575,281,242,480,0
576,89,415,159,0
577,249,139,354,0
578,132,464,316,0
579,75,144,269,0
580,148,306,140,0
581,54,319,470,0
582,283,85,57,0
583,100,295,304,0
584,105,81,382,0
585,103,251,277,0
586,488,103,241,0
587,210,291,401,0
588,467,149,360,0
589,74,445,454,0
590,414,318,433,0
591,134,386,346,0
592,236,345,401,0
593,299,239,330,0
594,77,158,378,0
595,385,279,486,0
596,225,458,194,0
597,407,196,130,0
598,205,75,264,0
599,484,183,495,0
600,366,441,482,0
601,226,269,180,0
602,263,254,340,0
603,475,127,231,0
604,239,121,116,0
605,304,366,273,0
606,386,413,346,0
607,443,56,319,0
608,421,414,435,0
609,140,94,112,0
610,342,316,433,0
611,159,181,345,0
612,486,66,470,0
613,380,459,496,0
614,252,328,269,0
615,165,191,264,0
616,472,68,279,0
617,494,498,222,0
618,498,373,135,0
619,63,171,353,0
620,183,327,105,0
621,137,263,276,0
622,132,108,100,0
623,73,313,187,0
624,494,149,422,0
625,110,159,371,0
626,465,353,89,0
627,139,328,62,0
628,187,344,488,0
629,148,208,174,0
630,494,321,191,0
631,372,457,240,0
632,157,291,277,0
633,115,331,129,0
634,419,364,482,0
635,312,276,271,0
636,452,268,207,0
637,171,96,237,0
638,112,468,225,0
639,164,414,438,0
640,415,299,472,0
641,313,403,76,0
642,363,109,55,0
643,85,89,429,0
644,148,116,276,0
645,103,454,379,0
646,128,439,250,0
647,101,500,140,0
648,383,55,170,0
649,66,462,304,0
650,218,407,385,0
651,341,442,286,0
652,478,235,68,0
653,338,248,464,0
654,378,71,155,0
655,412,217,226,0
656,256,469,271,0
657,236,375,432,0
658,297,419,360,0
659,268,69,217,0
660,252,128,246,0
661,446,310,438,0
662,331,158,474,0
663,184,241,112,0
664,232,150,457,0
665,282,422,201,0
666,469,53,75,0
667,231,70,391,0
668,178,457,487,0
669,96,64,138,0
670,325,412,366,0
671,370,394,442,0
672,450,380,155,0
673,314,150,386,0
674,195,482,291,0
675,209,54,411,0
676,266,431,171,0
677,465,226,384,0
678,287,298,487,0
679,285,243,244,0
680,403,213,135,0
681,132,75,136,0
682,127,416,468,0
683,294,60,66,0
684,489,298,484,0
685,182,354,281,0
686,143,53,88,0
687,495,221,63,0
688,303,332,399,0
689,105,419,366,0
690,352,285,198,0
691,384,88,499,0
692,461,326,217,0
693,213,345,490,0
694,263,414,294,0
695,449,420,462,0
696,203,269,352,0
697,204,246,420,0
698,251,150,136,0
699,435,465,236,0
700,130,162,387,0
701,168,430,279,0
702,260,314,363,0
703,130,256,306,0
704,232,173,370,0
705,313,60,330,0
706,264,302,395,0
707,413,79,174,0
708,485,286,237,0
709,479,120,324,0
710,207,190,398,0
711,99,343,145,0
712,413,69,288,0
713,278,164,330,0
714,120,466,209,0
715,248,273,438,0
716,109,377,316,0
717,114,80,229,0
718,155,402,128,0
719,473,312,344,0
720,213,277,442,0
721,285,116,194,0
722,339,275,136,0
723,271,268,319,0
724,273,79,243,0
725,261,73,355,0
726,292,303,271,0
727,398,314,473,0
728,140,283,265,0
729,277,448,330,0
730,454,435,56,0
731,277,457,386,0
732,251,241,204,0
733,209,190,201,0
734,120,60,200,0
735,331,420,378,0
736,154,246,267,0
737,137,353,332,0
738,406,167,130,0
739,165,184,300,0
740,290,230,156,0
741,291,269,292,0
742,310,370,330,0
743,430,166,402,0
744,254,253,209,0
745,307,344,370,0
746,147,148,195,0
747,356,470,345,0
748,356,407,468,0
749,238,252,113,0
750,68,343,252,0
751,428,133,277,0
752,465,273,255,0
753,366,275,306,0
754,483,239,280,0
755,451,299,495,0
756,324,439,113,0
757,276,126,494,0
758,445,409,183,0
759,491,233,350,0
760,340,152,498,0
761,303,294,190,0
762,490,499,448,0
763,220,114,461,0
764,227,431,179,0
765,100,487,356,0
766,382,208,221,0
767,495,85,122,0
768,471,237,166,0
769,211,235,212,0
770,221,312,304,0
771,83,373,122,0
772,261,62,179,0
773,383,202,401,0
774,498,312,333,0
775,325,89,408,0
776,497,467,148,0
777,455,320,176,0
778,159,304,379,0
779,364,342,139,0
780,110,344,291,0
781,61,212,190,0
782,184,95,433,0
783,262,430,342,0
784,316,90,237,0
785,210,315,79,0
786,293,323,446,0
787,428,55,377,0
788,160,490,363,0
789,177,363,330,0
790,142,473,293,0
791,124,318,63,0
792,57,217,444,0
793,122,424,90,0
794,486,230,413,0
795,379,417,356,0
796,123,281,205,0
797,216,443,361,0
798,257,293,137,0
799,221,114,435,0
800,157,289,414,0
801,436,72,376,0
802,419,281,483,0
803,324,196,428,0
804,451,418,207,0
805,292,285,205,0
806,280,441,450,0
807,292,303,113,0
808,350,247,85,0
809,292,468,478,0
810,468,121,439,0
811,400,373,242,0
812,380,355,398,0
813,50,67,267,0
814,190,351,131,0
815,295,417,210,0
816,203,326,476,0
817,244,409,311,0
818,106,490,433,0
819,137,171,364,0
820,406,373,97,0
821,427,482,109,0
822,316,304,146,0
823,196,269,227,0
824,239,200,300,0
825,477,363,340,0
826,329,260,193,0
827,280,387,151,0
828,429,125,210,0
829,173,70,164,0
830,293,60,321,0
831,153,309,449,0
832,148,135,311,0
833,62,460,447,0
834,457,235,194,0
835,67,230,255,0
836,272,196,146,0
837,282,492,320,0
838,303,430,91,0
839,257,425,417,0
840,496,344,351,0
841,469,231,304,0
842,81,271,421,0
843,181,88,256,0
844,300,79,76,0
845,108,212,346,0
846,182,139,301,0
847,295,352,284,0
848,213,254,124,0
849,227,347,70,0
850,253,54,325,0
851,247,337,83,0
852,265,301,363,0
853,218,289,413,0
854,71,338,255,0
855,382,118,121,0
856,97,217,291,0
857,119,289,189,0
858,325,375,204,0
859,166,197,297,0
860,326,51,478,0
861,274,257,377,0
862,165,59,278,0
863,457,334,95,0
864,176,345,445,0
865,194,271,465,0
866,92,362,439,0
867,202,219,234,0
868,303,233,394,0
869,336,190,167,0
870,407,359,71,0
871,212,240,84,0
872,91,299,437,0
873,246,132,128,0
874,136,119,472,0
875,468,259,217,0
876,386,479,131,0
877,476,345,53,0
878,403,71,54,0
879,96,222,153,0
880,478,58,436,0
881,379,128,447,0
882,382,212,177,0
883,208,299,206,0
884,416,401,166,0
885,309,489,81,0
886,287,418,238,0
887,163,278,235,0
888,98,407,452,0
889,189,177,452,0
890,236,410,200,0
891,64,83,351,0
892,228,147,114,0
893,391,164,356,0
894,112,91,283,0
895,468,466,499,0
896,460,127,238,0
897,499,443,495,0
898,346,304,361,0
899,243,390,151,0
900,420,181,276,0
901,442,82,393,0
902,185,448,465,0
903,172,149,480,0
904,401,380,279,0
905,480,80,241,0
906,468,456,442,0
907,210,265,125,0
908,107,277,180,0
909,159,207,114,0
910,299,200,352,0
911,254,177,304,0
912,351,53,61,0
913,157,499,405,0
914,411,469,472,0
915,327,373,130,0
916,327,375,328,0
917,401,259,478,0
918,61,190,471,0
919,253,497,403,0
920,131,67,351,0
921,299,403,362,0
922,294,308,316,0
923,374,439,377,0
924,52,225,89,0
925,401,189,304,0
926,268,232,358,0
927,305,65,498,0
928,51,268,81,0
929,96,141,264,0
930,116,201,327,0
931,367,425,411,0
932,279,151,476,0
933,153,324,111,0
934,110,303,61,0
935,149,359,158,0
936,167,294,135,0
937,369,210,196,0
938,384,228,334,0
939,229,182,385,0
940,397,222,353,0
941,257,237,236,0
942,73,476,357,0
943,186,458,164,0
944,399,494,413,0
945,356,474,439,0
946,476,378,385,0
947,90,180,301,0
948,159,341,243,0
949,62,382,295,0
950,215,264,453,0
951,129,192,266,0
952,348,78,483,0
953,368,87,167,0
954,245,277,215,0
955,268,68,191,0
956,216,234,303,0
957,402,414,110,0
958,177,63,385,0
959,266,369,276,0
960,204,380,190,0
961,283,385,374,0
962,276,323,217,0
963,363,65,82,0
964,104,461,425,0
965,88,368,158,0
966,491,381,342,0
967,361,388,149,0
968,108,432,218,0
969,419,424,141,0
970,487,429,392,0
971,244,125,371,0
972,192,161,90,0
973,333,307,157,0
974,288,171,227,0
975,342,473,500,0
976,462,291,268,0
977,165,72,258,0
978,367,418,104,0
979,199,270,157,0
980,322,442,155,0
981,121,334,95,0
982,75,57,232,0
983,378,386,213,0
984,68,448,452,0
985,389,426,484,0
986,146,252,429,0
987,322,203,93,0
988,494,153,257,0
989,309,201,393,0
990,357,195,51,0
991,387,268,271,0
992,291,122,262,0
993,359,171,87,0
994,237,293,494,0
995,442,290,353,0
996,245,65,212,0
997,91,408,496,0
998,489,213,489,0
999,209,471,462,0
1000,605,798,583,3
1001,541,735,733,3
1002,486,629,883,3
1003,599,886,479,3
1004,544,696,592,3
1005,644,586,626,3
1006,317,898,633,3
1007,319,884,888,3
1008,469,708,897,3
1009,264,628,828,3
1010,320,761,552,3
1011,335,828,893,3
1012,360,666,543,3
1013,490,645,710,3
1014,588,586,913,3
1015,359,801,564,3
1016,253,835,891,3
1017,251,779,517,3
1018,514,813,678,3
1019,365,590,564,3
1020,382,545,570,3
1021,434,562,817,3
1022,641,542,839,3
1023,522,669,614,3
1024,219,557,639,3
1025,342,681,783,3
1026,539,782,854,3
1027,383,587,546,3
1028,311,825,545,3
1029,561,511,873,3
1030,205,557,849,3
1031,609,734,616,3
1032,528,788,535,3
1033,595,640,502,3
1034,355,578,764,3
1035,360,772,558,3
1036,238,570,816,3
1037,517,594,670,3
1038,303,666,832,3
1039,573,656,846,3
1040,559,578,545,3
1041,393,768,757,3
1042,513,602,744,3
1043,290,574,524,3
1044,604,776,597,3
1045,272,486,501,3
1046,541,616,911,3
1047,207,727,810,3
1048,477,854,732,3
1049,585,834,545,3
1050,418,496,839,3
1051,566,680,816,3
1052,355,715,841,3
1053,347,896,813,3
1054,542,831,906,3
1055,406,852,632,3
1056,216,755,556,3
1057,378,488,532,3
1058,359,619,621,3
1059,273,867,919,3
1060,201,747,850,3
1061,580,881,587,3
1062,240,699,589,3
1063,567,893,914,3
1064,232,816,511,3
1065,232,790,475,3
1066,487,707,594,3
1067,500,651,716,3
1068,233,539,558,3
1069,361,885,625,3
1070,281,619,666,3
1071,414,498,791,3
1072,441,513,490,3
1073,650,744,756,3
1074,280,541,859,3
1075,471,806,700,3
1076,578,736,919,3
1077,511,492,855,3
1078,255,571,490,3
1079,485,833,671,3
1080,291,801,671,3
1081,252,566,673,3
1082,354,803,590,3
1083,625,497,747,3
1084,352,536,870,3
1085,542,897,886,3
1086,517,850,889,3
1087,559,608,547,3
1088,346,788,818,3
1089,453,814,636,3
1090,509,870,872,3
1091,214,762,581,3
1092,495,740,700,3
1093,439,824,654,3
1094,600,523,484,3
1095,441,576,761,3
1096,351,746,649,3
1097,235,586,796,3
1098,381,844,621,3
1099,416,660,728,3
1100,354,647,544,3
1101,209,799,868,3
1102,560,533,660,3
1103,389,883,756,3
1104,442,668,868,3
1105,581,911,746,3
1106,318,891,881,3
1107,387,630,918,3
1108,327,672,609,3
1109,314,816,663,3
1110,285,708,867,3
1111,216,528,726,3
1112,531,888,614,3
1113,532,914,628,3
1114,537,664,786,3
1115,296,481,650,3
1116,349,626,520,3
1117,534,705,482,3
1118,241,725,719,3
1119,323,859,875,3
1120,619,820,723,3
1121,399,868,613,3
1122,527,718,839,3
1123,217,798,499,3
1124,481,552,758,3
1125,416,766,669,3
1126,449,875,871,3
1127,389,484,484,3
1128,389,786,545,3
1129,648,587,790,3
1130,468,824,685,3
1131,383,545,709,3
1132,374,771,643,3
1133,248,598,876,3
1134,364,712,571,3
1135,336,839,922,3
1136,507,574,659,3
1137,471,744,550,3
1138,635,623,512,3
1139,398,596,877,3
1140,560,695,662,3
1141,263,889,576,3
1142,322,885,910,3
1143,465,667,679,3
1144,466,491,717,3
1145,460,700,553,3
1146,482,540,858,3
1147,220,839,640,3
1148,587,515,638,3
1149,389,553,674,3
1150,631,478,758,3
1151,643,475,514,3
1152,244,514,653,3
1153,208,498,767,3
1154,589,549,846,3
1155,353,642,548,3
1156,431,868,803,3
1157,391,619,834,3
1158,361,676,495,3
1159,591,778,903,3
1160,481,741,823,3
1161,244,563,621,3
1162,282,535,514,3
1163,374,882,488,3
1164,222,905,531,3
1165,368,555,571,3
1166,383,774,639,3
1167,638,534,583,3
1168,568,826,592,3
1169,285,501,556,3
1170,464,616,872,3
1171,270,824,750,3
1172,624,797,647,3
1173,250,618,677,3
1174,360,863,569,3
1175,370,689,918,3
1176,363,496,602,3
1177,522,735,629,3
1178,562,726,751,3
1179,415,575,734,3
1180,568,561,720,3
1181,200,817,908,3
1182,300,549,872,3
1183,558,670,905,3
1184,550,883,780,3
1185,556,781,847,3
1186,556,838,626,3
1187,554,733,661,3
1188,278,848,554,3
1189,531,652,703,3
1190,521,823,560,3
1191,543,647,569,3
1192,414,730,597,3
1193,473,803,904,3
1194,579,580,592,3
1195,636,758,739,3
1196,582,744,779,3
1197,387,839,743,3
1198,318,600,623,3
1199,454,801,728,3
1200,532,665,851,3
1201,382,579,886,3
1202,494,819,759,3
1203,342,581,582,3
1204,386,519,778,3
1205,537,828,513,3
1206,309,846,556,3
1207,368,792,679,3
1208,444,740,623,3
1209,392,548,744,3
1210,283,717,612,3
1211,228,546,671,3
1212,330,760,644,3
1213,406,766,873,3
1214,444,545,545,3
1215,262,694,703,3
1216,399,737,774,3
1217,471,650,727,3
1218,556,531,747,3
1219,559,787,689,3
1220,473,765,746,3
1221,479,524,577,3
1222,295,556,661,3
1223,297,810,762,3
1224,352,639,916,3
1225,405,841,569,3
1226,395,571,486,3
1227,383,763,778,3
1228,548,590,676,3
1229,372,873,528,3
1230,265,678,513,3
1231,324,782,745,3
1232,407,803,503,3
1233,314,908,536,3
1234,319,557,552,3
1235,243,486,890,3
1236,330,512,845,3
1237,580,612,631,3
1238,542,910,893,3
1239,587,682,607,3
1240,473,593,897,3
1241,389,716,811,3
1242,566,899,548,3
1243,650,788,566,3
1244,482,688,914,3
1245,467,649,903,3
1246,582,666,657,3
1247,571,867,790,3
1248,631,845,622,3
1249,545,502,596,3
1250,341,712,524,3
1251,594,740,594,3
1252,355,914,819,3
1253,523,923,626,3
1254,559,848,782,3
1255,471,688,870,3
1256,487,602,702,3
1257,483,660,625,3
1258,648,834,539,3
1259,361,856,921,3
1260,275,786,882,3
1261,434,762,797,3
1262,423,886,482,3
1263,458,850,832,3
1264,320,914,779,3
1265,200,747,561,3
1266,409,521,649,3
1267,321,752,606,3
1268,435,665,839,3
1269,523,724,884,3
1270,204,772,863,3
1271,630,794,506,3
1272,528,805,594,3
1273,200,496,757,3
1274,598,756,535,3
1275,468,658,625,3
1276,316,560,530,3
1277,336,776,600,3
1278,335,672,625,3
1279,285,767,683,3
1280,379,797,892,3
1281,378,757,551,3
1282,507,896,508,3
1283,327,900,525,3
1284,363,859,587,3
1285,629,548,838,3
1286,245,569,545,3
1287,386,815,756,3
1288,282,548,658,3
1289,493,588,487,3
1290,371,614,882,3
1291,375,839,611,3
1292,403,577,736,3
1293,491,922,512,3
1294,642,557,682,3
1295,445,692,598,3
1296,384,477,501,3
1297,290,531,610,3
1298,557,909,657,3
1299,390,783,889,3
1300,431,903,660,3
1301,477,827,753,3
1302,485,901,497,3
1303,253,574,619,3
1304,635,717,749,3
1305,401,824,837,3
1306,248,553,711,3
1307,639,849,510,3
1308,514,841,855,3
1309,306,567,675,3
1310,608,556,500,3
1311,338,481,804,3
1312,379,535,706,3
1313,540,834,828,3
1314,418,770,691,3
1315,586,897,821,3
1316,624,592,780,3
1317,394,919,493,3
1318,626,754,583,3
1319,460,792,594,3
1320,523,689,569,3
1321,486,499,884,3
1322,429,654,786,3
1323,554,842,724,3
1324,417,680,694,3
1325,327,749,723,3
1326,381,513,727,3
1327,247,561,830,3
1328,294,587,855,3
1329,325,895,737,3
1330,283,627,734,3
1331,307,619,825,3
1332,632,848,790,3
1333,358,568,555,3
1334,495,755,671,3
1335,646,922,808,3
1336,510,777,614,3
1337,603,484,811,3
1338,477,818,697,3
1339,634,658,835,3
1340,440,584,903,3
1341,530,596,897,3
1342,379,749,918,3
1343,523,487,672,3
1344,390,650,782,3
1345,401,512,830,3
1346,262,853,879,3
1347,231,923,865,3
1348,629,761,748,3
1349,379,813,626,3
1350,206,523,710,3
1351,376,883,713,3
1352,418,866,717,3
1353,637,689,492,3
1354,382,900,800,3
1355,601,699,664,3
1356,648,646,807,3
1357,203,485,726,3
1358,492,489,750,3
1359,315,795,486,3
1360,208,853,541,3
1361,545,538,923,3
1362,476,515,492,3
1363,648,894,860,3
1364,492,603,855,3
1365,398,630,766,3
1366,264,873,602,3
1367,510,701,588,3
1368,582,544,647,3
1369,623,497,592,3
1370,506,606,680,3
1371,418,758,587,3
1372,642,689,802,3
1373,397,724,791,3
1374,239,483,560,3
1375,430,657,834,3
1376,324,783,709,3
1377,441,829,513,3
1378,408,537,650,3
1379,207,547,908,3
1380,557,569,854,3
1381,520,605,526,3
1382,289,874,566,3
1383,355,631,841,3
1384,364,626,885,3
1385,460,558,800,3
1386,507,628,797,3
1387,609,570,495,3
1388,562,787,842,3
1389,595,847,721,3
1390,637,632,886,3
1391,388,632,832,3
1392,209,868,880,3
1393,415,901,662,3
1394,310,861,663,3
1395,282,741,665,3
1396,201,899,528,3
1397,516,895,731,3
1398,241,635,796,3
1399,482,622,557,3
1400,614,832,671,3
1401,613,495,670,3
1402,626,484,497,3
1403,420,925,532,3
1404,462,498,655,3
1405,445,851,540,3
1406,490,535,640,3
1407,212,608,723,3
1408,251,595,512,3
1409,593,904,613,3
1410,359,541,547,3
1411,307,799,583,3
1412,369,813,756,3
1413,480,813,845,3
1414,433,500,855,3
1415,486,795,753,3
1416,479,690,668,3
1417,630,519,618,3
1418,211,552,607,3
1419,604,669,847,3
1420,514,863,791,3
1421,506,886,822,3
1422,211,548,550,3
1423,449,630,607,3
1424,358,718,709,3
1425,467,818,822,3
1426,506,827,523,3
1427,341,876,507,3
1428,522,906,902,3
1429,344,896,734,3
1430,601,816,545,3
1431,578,890,775,3
1432,234,868,674,3
1433,218,643,495,3
1434,518,822,481,3
1435,600,729,554,3
1436,405,759,750,3
1437,208,562,717,3
1438,274,611,800,3
1439,341,475,807,3
1440,527,714,874,3
1441,407,908,851,3
1442,528,514,755,3
1443,555,686,755,3
1444,488,527,554,3
1445,313,604,592,3
1446,612,682,696,3
1447,279,525,840,3
1448,232,874,625,3
1449,382,617,593,3
1450,537,492,661,3
1451,557,625,547,3
1452,379,801,702,3
1453,550,482,795,3
1454,348,900,896,3
1455,630,923,553,3
1456,331,540,492,3
1457,399,779,793,3
1458,315,891,796,3
1459,624,497,800,3
1460,253,922,542,3
1461,333,568,492,3
1462,565,694,601,3
1463,411,768,600,3
1464,360,763,504,3
1465,477,827,680,3
1466,561,841,706,3
1467,369,919,862,3
1468,588,612,861,3
1469,591,832,798,3
1470,208,846,844,3
1471,330,545,866,3
1472,604,894,731,3
1473,441,678,893,3
1474,625,670,666,3
1475,648,720,774,3
1476,613,900,781,3
1477,393,627,890,3
1478,316,729,766,3
1479,566,651,575,3
1480,477,667,604,3
1481,514,625,679,3
1482,398,841,519,3
1483,440,631,672,3
1484,465,877,763,3
1485,373,768,772,3
1486,504,743,898,3
1487,218,507,631,3
1488,336,841,845,3
1489,542,730,620,3
1490,333,676,721,3
1491,479,530,906,3
1492,525,892,608,3
1493,284,662,807,3
1494,508,799,840,3
1495,515,713,861,3
1496,208,671,748,3
1497,541,695,590,3
1498,230,830,728,3
1499,470,605,696,3
1500,544,586,882,3
1501,234,602,486,3
1502,406,702,615,3
1503,543,493,521,3
1504,462,499,553,3
1505,542,508,591,3
1506,297,762,871,3
1507,470,750,561,3
1508,617,494,815,3
1509,253,551,829,3
1510,497,788,506,3
1511,623,674,542,3
1512,397,625,790,3
1513,404,875,787,3
1514,463,502,550,3
1515,602,852,598,3
1516,606,827,629,3
1517,544,735,532,3
1518,403,623,845,3
1519,251,854,798,3
1520,366,783,674,3
1521,374,802,681,3
1522,370,786,679,3
1523,329,906,647,3
1524,218,637,724,3
1525,416,622,505,3
1526,432,540,690,3
1527,241,914,690,3
1528,312,834,843,3
1529,291,750,734,3
1530,564,513,750,3
1531,203,884,626,3
1532,296,769,859,3
1533,225,733,477,3
1534,321,735,825,3
1535,429,757,733,3
1536,509,616,771,3
1537,631,675,733,3
1538,238,757,737,3
1539,200,901,606,3
1540,284,869,827,3
1541,515,833,845,3
1542,284,750,881,3
1543,310,758,780,3
1544,414,656,735,3
1545,301,757,489,3
1546,588,613,639,3
1547,511,611,819,3
1548,402,574,837,3
1549,212,669,600,3
1550,438,484,587,3
1551,525,842,712,3
1552,589,648,624,3
1553,599,870,606,3
1554,599,529,909,3
1555,212,602,566,3
1556,371,589,680,3
1557,212,746,790,3
1558,474,662,589,3
1559,504,498,488,3
1560,331,788,648,3
1561,636,728,916,3
1562,445,706,484,3
1563,611,862,698,3
1564,422,809,888,3
1565,501,726,590,3
1566,213,690,547,3
1567,259,680,516,3
1568,523,609,821,3
1569,462,699,641,3
1570,336,610,775,3
1571,306,778,758,3
1572,571,483,483,3
1573,605,481,824,3
1574,470,756,560,3
1575,635,723,741,3
1576,216,844,920,3
1577,566,823,781,3
1578,243,719,586,3
1579,498,475,517,3
1580,301,483,743,3
1581,328,759,574,3
1582,269,853,866,3
1583,341,884,620,3
1584,210,782,543,3
1585,294,692,761,3
1586,364,671,645,3
1587,433,638,506,3
1588,547,538,771,3
1589,576,497,565,3
1590,648,678,808,3
1591,254,603,668,3
1592,434,867,786,3
1593,487,495,725,3
1594,311,581,607,3
1595,285,622,659,3
1596,550,761,545,3
1597,446,765,513,3
1598,650,530,914,3
1599,329,754,631,3
1600,577,595,864,3
1601,638,545,863,3
1602,596,565,665,3
1603,432,718,594,3
1604,426,840,854,3
1605,208,919,558,3
1606,468,826,898,3
1607,269,797,615,3
1608,513,605,544,3
1609,430,703,666,3
1610,317,893,834,3
1611,306,631,657,3
1612,473,526,774,3
1613,343,841,864,3
1614,212,701,654,3
1615,614,767,541,3
1616,374,753,563,3
1617,479,547,734,3
1618,641,592,837,3
1619,269,838,496,3
1620,417,532,778,3
1621,533,532,521,3
1622,615,504,645,3
1623,448,912,686,3
1624,426,801,595,3
1625,214,670,584,3
1626,593,654,517,3
1627,377,678,566,3
1628,454,531,886,3
1629,397,651,768,3
1630,517,897,552,3
1631,639,705,894,3
1632,623,848,482,3
1633,354,516,857,3
1634,221,686,898,3
1635,202,531,740,3
1636,626,919,740,3
1637,456,643,542,3
1638,521,485,907,3
1639,518,727,918,3
1640,529,650,630,3
1641,293,636,793,3
1642,304,537,863,3
1643,234,702,888,3
1644,355,889,526,3
1645,218,538,839,3
1646,585,565,675,3
1647,481,805,635,3
1648,543,854,734,3
1649,374,508,477,3
1650,537,866,776,3
1651,570,481,841,3
1652,508,794,715,3
1653,555,753,837,3
1654,298,575,641,3
1655,368,867,816,3
1656,328,551,604,3
1657,546,586,921,3
1658,643,873,655,3
1659,301,754,849,3
1660,389,629,594,3
1661,507,722,736,3
1662,314,531,904,3
1663,539,650,559,3
1664,639,656,744,3
1665,564,851,673,3
1666,622,867,737,3
1667,637,702,672,3
1668,408,806,620,3
1669,215,732,512,3
1670,481,653,791,3
1671,435,808,572,3
1672,597,885,481,3
1673,605,759,558,3
1674,545,890,874,3
1675,227,529,550,3
1676,608,566,607,3
1677,346,860,897,3
1678,620,523,579,3
1679,550,717,506,3
1680,622,770,861,3
1681,457,583,916,3
1682,404,495,669,3
1683,606,581,668,3
1684,515,670,772,3
1685,216,493,810,3
1686,285,662,555,3
1687,510,646,747,3
1688,299,748,842,3
1689,262,923,901,3
1690,439,618,533,3
1691,230,544,779,3
1692,423,612,606,3
1693,520,599,607,3
1694,422,516,517,3
1695,231,666,856,3
1696,248,792,833,3
1697,512,656,633,3
1698,314,918,514,3
1699,495,920,807,3
1700,418,923,872,3
1701,606,770,712,3
1702,611,717,903,3
1703,515,601,512,3
1704,240,919,635,3
1705,556,562,876,3
1706,492,800,727,3
1707,219,725,615,3
1708,373,829,619,3
1709,248,883,649,3
1710,320,517,839,3
1711,435,661,543,3
1712,282,659,729,3
1713,379,910,645,3
1714,290,513,628,3
1715,556,776,649,3
1716,625,689,595,3
1717,247,786,828,3
1718,616,776,809,3
1719,359,588,912,3
1720,260,861,841,3
1721,359,892,861,3
1722,614,619,924,3
1723,446,837,899,3
1724,490,894,892,3
1725,299,775,746,3
1726,367,624,685,3
1727,595,755,668,3
1728,247,889,668,3
1729,422,881,745,3
1730,506,922,822,3
1731,450,891,663,3
1732,486,711,661,3
1733,428,655,507,3
1734,208,660,724,3
1735,349,788,755,3
1736,639,665,918,3
1737,285,500,838,3
1738,409,562,894,3
1739,392,554,642,3
1740,326,753,866,3
1741,262,813,724,3
1742,293,543,850,3
1743,539,799,659,3
1744,477,536,799,3
1745,594,688,924,3
1746,484,587,528,3
1747,650,694,825,3
1748,258,855,770,3
1749,563,767,784,3
1750,433,592,873,3
1751,505,911,589,3
1752,352,624,659,3
1753,484,726,554,3
1754,644,620,707,3
1755,629,738,481,3
1756,242,653,589,3
1757,298,911,598,3
1758,211,482,746,3
1759,403,488,575,3
1760,368,569,858,3
1761,302,831,902,3
1762,566,754,824,3
1763,641,490,710,3
1764,389,904,521,3
1765,204,753,510,3
1766,260,485,662,3
1767,347,740,735,3
1768,463,726,667,3
1769,615,551,682,3
1770,522,846,722,3
1771,325,695,891,3
1772,221,481,837,3
1773,491,899,907,3
1774,342,530,741,3
1775,534,745,589,3
1776,581,544,790,3
1777,283,528,923,3
1778,417,859,612,3
1779,511,703,899,3
1780,349,500,598,3
1781,329,902,853,3
1782,403,773,709,3
1783,514,746,836,3
1784,321,608,506,3
1785,479,544,778,3
1786,320,647,505,3
1787,600,513,733,3
1788,533,583,733,3
1789,488,765,696,3
1790,380,697,586,3
1791,389,712,579,3
1792,577,713,756,3
1793,527,531,515,3
1794,388,656,545,3
1795,318,872,843,3
1796,316,480,757,3
1797,453,588,710,3
1798,427,610,553,3
1799,282,700,657,3
1800,483,882,751,3
1801,340,728,728,3
1802,562,780,601,3
1803,486,581,735,3
1804,640,514,581,3
1805,427,722,828,3
1806,590,720,925,3
1807,520,822,802,3
1808,611,889,690,3
1809,393,795,683,3
1810,271,754,762,3
1811,597,796,562,3
1812,469,862,647,3
1813,621,561,523,3
1814,359,646,477,3
1815,379,697,521,3
1816,579,909,901,3
1817,333,726,853,3
1818,484,593,827,3
1819,278,918,517,3
1820,224,491,589,3
1821,526,534,589,3
1822,207,850,712,3
1823,572,505,654,3
1824,437,509,820,3
1825,315,575,506,3
1826,427,725,680,3
1827,512,852,480,3
1828,406,513,475,3
1829,481,726,591,3
1830,238,557,909,3
1831,230,795,906,3
1832,406,874,745,3
1833,368,873,663,3
1834,601,717,517,3
1835,617,621,640,3
1836,363,912,829,3
1837,539,571,839,3
1838,606,560,635,3
1839,431,795,633,3
1840,329,586,641,3
1841,302,756,632,3
1842,485,810,609,3
1843,576,659,594,3
1844,399,877,639,3
1845,475,683,865,3
1846,549,661,736,3
1847,253,757,511,3
1848,302,636,718,3
1849,336,901,650,3
1850,422,921,516,3
1851,295,718,651,3
1852,405,518,907,3
1853,254,831,783,3
1854,449,553,708,3
1855,639,730,813,3
1856,202,734,613,3
1857,352,770,896,3
1858,212,610,751,3
1859,604,505,780,3
1860,533,901,900,3
1861,242,816,750,3
1862,416,763,767,3
1863,229,811,740,3
1864,280,905,711,3
1865,313,705,672,3
1866,257,534,895,3
1867,390,803,526,3
1868,446,872,629,3
1869,282,745,560,3
1870,354,696,794,3
1871,578,752,782,3
1872,642,799,584,3
1873,503,692,525,3
1874,444,532,785,3
1875,620,877,751,3
1876,303,561,868,3
1877,638,540,703,3
1878,229,889,760,3
1879,532,518,492,3
1880,310,866,681,3
1881,280,765,786,3
1882,295,888,702,3
1883,420,874,713,3
1884,492,592,842,3
1885,380,544,719,3
1886,222,914,656,3
1887,576,847,816,3
1888,351,700,878,3
1889,593,583,670,3
1890,473,634,751,3
1891,619,756,732,3
1892,469,687,809,3
1893,645,883,636,3
1894,312,650,603,3
1895,629,914,579,3
1896,523,642,649,3
1897,201,537,617,3
1898,515,794,714,3
1899,223,583,597,3
1900,483,532,544,3
1901,588,815,770,3
1902,539,869,912,3
1903,433,485,877,3
1904,574,631,715,3
1905,379,592,780,3
1906,297,741,480,3
1907,488,705,630,3
1908,435,902,584,3
1909,484,477,878,3
1910,413,744,640,3
1911,249,717,719,3
1912,471,664,483,3
1913,393,706,671,3
1914,359,538,631,3
1915,310,813,872,3
1916,443,734,690,3
1917,561,584,595,3
1918,646,870,799,3
1919,606,904,508,3
1920,302,691,757,3
1921,361,560,501,3
1922,372,506,575,3
1923,423,492,850,3
1924,228,726,805,3
1925,264,837,577,3
1926,380,895,514,3
1927,637,820,781,3
1928,347,711,732,3
1929,650,740,567,3
1930,397,894,847,3
1931,434,684,580,3
1932,461,721,824,3
1933,645,893,546,3
1934,202,894,782,3
1935,502,475,774,3
1936,216,534,879,3
1937,388,803,916,3
1938,334,675,579,3
1939,338,503,723,3
1940,614,820,785,3
1941,508,769,739,3
1942,319,897,680,3
1943,571,910,710,3
1944,398,884,803,3
1945,360,485,727,3
1946,440,687,594,3
1947,261,560,684,3
1948,559,704,636,3
1949,327,773,526,3
1950,554,580,597,3
1951,327,785,495,3
1952,436,889,882,3
1953,626,487,828,3
1954,378,681,766,3
1955,427,635,736,3
1956,281,550,863,3
1957,285,800,515,3
1958,439,624,719,3
1959,225,646,593,3
1960,235,826,685,3
1961,317,641,662,3
1962,250,906,507,3
1963,253,751,627,3
1964,401,632,733,3
1965,616,515,812,3
1966,599,808,789,3
1967,434,716,475,3
1968,295,599,855,3
1969,558,494,577,3
1970,206,478,484,3
1971,545,830,537,3
1972,248,749,645,3
1973,240,581,610,3
1974,271,850,534,3
1975,549,650,546,3
1976,636,820,740,3
1977,625,878,796,3
1978,530,576,703,3
1979,468,543,914,3
1980,329,519,493,3
1981,288,857,714,3
1982,519,670,485,3
1983,487,573,629,3
1984,337,651,628,3
1985,327,758,837,3
1986,237,889,537,3
1987,302,762,789,3
1988,247,485,636,3
1989,509,694,679,3
1990,405,854,518,3
1991,368,756,810,3
1992,491,770,691,3
1993,397,557,626,3
1994,383,663,761,3
1995,611,509,511,3
1996,395,762,730,3
1997,240,704,727,3
1998,645,773,723,3
1999,388,745,734,3
2000,543,477,554,3
2001,557,617,670,3
2002,578,537,667,3
2003,559,560,659,3
2004,350,675,766,3
2005,599,643,579,3
2006,545,490,612,3
2007,200,706,645,3
2008,518,829,626,3
2009,399,647,892,3
2010,256,507,822,3
2011,324,513,642,3
2012,625,530,868,3
2013,510,543,878,3
2014,322,742,600,3
2015,565,652,779,3
2016,558,875,662,3
2017,226,854,811,3
2018,502,638,597,3
2019,250,906,762,3
2020,440,779,745,3
2021,609,597,871,3
2022,283,679,657,3
2023,514,772,918,3
2024,378,815,643,3
2025,282,693,703,3
2026,396,531,482,3
2027,649,628,667,3
2028,451,743,680,3
2029,270,780,703,3
2030,226,721,921,3
2031,538,478,674,3
2032,512,681,846,3
2033,222,677,870,3
2034,227,511,530,3
2035,248,912,797,3
2036,224,565,525,3
2037,567,741,611,3
2038,517,738,872,3
2039,367,555,482,3
2040,291,766,584,3
2041,373,831,708,3
2042,473,778,582,3
2043,511,783,823,3
2044,385,490,729,3
2045,547,857,630,3
2046,387,549,782,3
2047,335,583,885,3
2048,323,788,767,3
2049,316,723,766,3
2050,283,680,842,3
2051,292,486,767,3
2052,614,825,697,3
2053,616,671,697,3
2054,311,575,708,3
2055,504,688,549,3
2056,219,493,681,3
2057,618,509,536,3
2058,573,572,568,3
2059,407,522,908,3
2060,308,807,542,3
2061,373,523,772,3
2062,557,845,848,3
2063,519,891,765,3
2064,392,635,700,3
2065,345,598,745,3
2066,229,911,802,3
2067,587,779,851,3
2068,514,580,751,3
2069,379,656,767,3
2070,512,504,772,3
2071,540,687,793,3
2072,358,838,808,3
2073,241,610,518,3
2074,251,693,613,3
2075,604,695,573,3
2076,533,800,912,3
2077,301,833,519,3
2078,555,720,849,3
2079,324,899,542,3
2080,269,540,663,3
2081,553,835,561,3
2082,319,703,772,3
2083,615,886,605,3
2084,517,895,674,3
2085,217,906,909,3
2086,230,636,693,3
2087,634,765,720,3
2088,205,887,768,3
2089,307,883,564,3
2090,409,641,624,3
2091,623,915,561,3
2092,646,730,729,3
2093,406,871,768,3
2094,561,625,924,3
2095,537,880,647,3
2096,530,683,531,3
2097,636,886,539,3
2098,530,638,723,3
2099,314,814,641,3
2100,384,772,594,3
2101,244,646,789,3
2102,393,862,748,3
2103,515,821,484,3
2104,258,659,873,3
2105,240,529,501,3
2106,590,760,896,3
2107,224,486,598,3
2108,288,485,522,3
2109,565,632,732,3
2110,239,493,858,3
2111,205,739,698,3
2112,646,920,852,3
2113,359,828,858,3
2114,597,839,612,3
2115,496,612,885,3
2116,559,701,844,3
2117,429,754,862,3
2118,419,517,663,3
2119,479,866,593,3
2120,241,678,809,3
2121,293,709,566,3
2122,401,484,809,3
2123,403,804,728,3
2124,534,758,817,3
2125,630,636,718,3
2126,317,755,706,3
2127,246,499,783,3
2128,567,699,730,3
2129,544,726,813,3
2130,526,478,705,3
2131,360,680,858,3
2132,597,555,483,3
2133,368,615,868,3
2134,201,789,917,3
2135,370,629,635,3
2136,553,599,489,3
2137,480,549,489,3
2138,481,658,535,3
2139,477,838,908,3
2140,522,562,662,3
2141,243,584,642,3
2142,231,840,768,3
2143,271,646,827,3
2144,457,812,764,3
2145,213,681,501,3
2146,559,858,705,3
2147,470,484,668,3
2148,244,661,857,3
2149,268,582,640,3
2150,525,493,743,3
2151,291,566,842,3
2152,560,923,489,3
2153,492,643,866,3
2154,516,741,715,3
2155,592,846,523,3
2156,589,688,706,3
2157,276,617,685,3
2158,609,517,541,3
2159,332,826,718,3
2160,622,554,662,3
2161,638,738,611,3
2162,214,657,558,3
2163,518,853,537,3
2164,200,791,689,3
2165,405,721,533,3
2166,321,811,525,3
2167,353,540,574,3
2168,373,629,914,3
2169,332,561,490,3
2170,349,843,761,3
2171,270,592,904,3
2172,470,711,817,3
2173,635,826,506,3
2174,416,755,765,3
2175,365,718,618,3
2176,275,884,536,3
2177,374,537,657,3
2178,635,503,888,3
2179,311,912,717,3
2180,477,544,812,3
2181,406,702,568,3
2182,374,771,533,3
2183,336,769,902,3
2184,600,844,598,3
2185,288,553,787,3
2186,648,864,538,3
2187,627,670,874,3
2188,360,900,625,3
2189,648,665,547,3
2190,474,633,494,3
2191,278,780,901,3
2192,385,747,543,3
2193,475,837,903,3
2194,345,689,654,3
2195,391,846,838,3
2196,280,644,660,3
2197,523,858,482,3
2198,248,588,733,3
2199,544,614,876,3
2200,443,184,659,5
2201,533,143,453,5
2202,595,187,382,5
2203,421,412,601,5
2204,421,160,736,5
2205,768,542,791,5
2206,673,234,414,5
2207,567,430,791,5
2208,769,283,363,5
2209,665,506,569,5
2210,517,287,793,5
2211,702,191,474,5
2212,798,328,755,5
2213,797,544,410,5
2214,521,342,659,5
2215,518,211,619,5
2216,794,428,390,5
2217,415,182,499,5
2218,390,224,799,5
2219,419,394,491,5
2220,690,173,449,5
2221,576,511,374,5
2222,475,314,600,5
2223,486,170,565,5
2224,459,483,357,5
2225,529,184,697,5
2226,659,231,782,5
2227,402,500,484,5
2228,562,378,769,5
2229,409,529,681,5
2230,429,423,684,5
2231,411,347,684,5
2232,395,434,780,5
2233,390,114,779,5
2234,709,469,762,5
2235,650,412,437,5
2236,592,434,630,5
2237,490,324,647,5
2238,525,390,427,5
2239,630,181,748,5
2240,415,165,427,5
2241,777,304,699,5
2242,556,162,582,5
2243,567,242,401,5
2244,638,506,648,5
2245,773,154,442,5
2246,601,150,720,5
2247,478,123,639,5
2248,655,531,366,5
2249,353,211,529,5
2250,667,450,583,5
2251,706,139,422,5
2252,473,147,632,5
2253,630,305,547,5
2254,361,313,610,5
2255,493,110,487,5
2256,769,355,673,5
2257,360,358,756,5
2258,754,352,634,5
2259,516,463,501,5
2260,672,348,480,5
2261,367,443,495,5
2262,800,204,481,5
2263,497,238,372,5
2264,404,535,605,5
2265,538,322,695,5
2266,527,285,648,5
2267,758,425,703,5
2268,669,369,475,5
2269,720,312,467,5
2270,786,271,760,5
2271,621,531,789,5
2272,626,121,717,5
2273,376,427,621,5
2274,740,361,447,5
2275,413,360,681,5
2276,658,455,542,5
2277,503,113,512,5
2278,560,275,414,5
2279,700,383,404,5
2280,484,448,649,5
2281,769,215,580,5
2282,710,179,674,5
2283,628,466,512,5
2284,687,327,423,5
2285,721,518,661,5
2286,575,529,603,5
2287,494,259,719,5
2288,656,410,383,5
2289,635,112,389,5
2290,606,399,771,5
2291,583,511,365,5
2292,717,474,431,5
2293,388,536,441,5
2294,763,498,728,5
2295,412,309,619,5
2296,753,382,636,5
2297,376,523,689,5
2298,773,121,422,5
2299,466,125,712,5
2300,603,400,699,5
2301,359,142,582,5
2302,518,373,610,5
2303,550,122,743,5
2304,357,247,774,5
2305,409,244,597,5
2306,746,427,518,5
2307,670,191,395,5
2308,373,540,536,5
2309,455,255,641,5
2310,533,382,538,5
2311,628,317,482,5
2312,751,403,457,5
2313,373,164,383,5
2314,485,366,581,5
2315,721,183,584,5
2316,785,225,575,5
2317,660,252,775,5
2318,643,290,702,5
2319,388,526,748,5
2320,554,150,543,5
2321,691,143,723,5
2322,686,265,549,5
2323,378,410,534,5
2324,693,485,758,5
2325,498,398,694,5
2326,464,166,506,5
2327,592,195,408,5
2328,613,284,391,5
2329,398,152,488,5
2330,698,357,686,5
2331,508,324,777,5
2332,653,356,718,5
2333,437,475,370,5
2334,512,157,356,5
2335,448,530,561,5
2336,609,402,664,5
2337,615,187,727,5
2338,658,431,423,5
2339,494,334,667,5
2340,350,265,523,5
2341,419,167,506,5
2342,647,241,600,5
2343,459,361,530,5
2344,663,455,434,5
2345,371,229,750,5
2346,718,503,628,5
2347,712,461,524,5
2348,386,510,547,5
2349,609,102,625,5
2350,513,236,456,5
2351,496,330,456,5
2352,591,283,563,5
2353,650,197,654,5
2354,553,182,491,5
2355,389,153,660,5
2356,651,470,611,5
2357,367,247,374,5
2358,683,393,702,5
2359,600,264,491,5
2360,782,289,787,5
2361,515,320,437,5
2362,396,414,464,5
2363,537,346,514,5
2364,454,432,401,5
2365,662,445,746,5
2366,439,159,410,5
2367,483,215,555,5
2368,625,329,500,5
2369,357,409,568,5
2370,450,268,512,5
2371,671,490,573,5
2372,532,245,692,5
2373,522,532,740,5
2374,554,493,405,5
2375,540,508,755,5
2376,735,127,736,5
2377,678,259,756,5
2378,781,531,466,5
2379,656,443,694,5
2380,707,386,546,5
2381,478,506,424,5
2382,738,175,402,5
2383,799,173,459,5
2384,420,236,688,5
2385,771,390,381,5
2386,741,548,376,5
2387,428,161,759,5
2388,639,212,753,5
2389,623,483,375,5
2390,698,360,516,5
2391,721,257,520,5
2392,418,242,423,5
2393,497,198,703,5
2394,415,258,485,5
2395,580,496,415,5
2396,577,137,464,5
2397,632,131,466,5
2398,528,261,613,5
2399,376,109,735,5
2400,503,130,359,5
2401,448,508,437,5
2402,354,452,499,5
2403,392,439,693,5
2404,621,181,576,5
2405,430,423,439,5
2406,717,338,509,5
2407,388,108,782,5
2408,655,230,796,5
2409,771,355,484,5
2410,588,543,591,5
2411,452,371,416,5
2412,392,235,375,5
2413,550,506,535,5
2414,541,447,700,5
2415,630,493,784,5
2416,768,197,427,5
2417,440,421,643,5
2418,453,246,360,5
2419,353,519,765,5
2420,459,186,522,5
2421,359,119,607,5
2422,375,461,781,5
2423,597,459,505,5
2424,726,123,383,5
2425,438,548,641,5
2426,535,423,722,5
2427,680,406,374,5
2428,416,352,664,5
2429,530,203,728,5
2430,774,339,388,5
2431,547,359,594,5
2432,397,489,719,5
2433,354,328,402,5
2434,748,105,656,5
2435,451,454,745,5
2436,596,438,676,5
2437,520,414,523,5
2438,791,265,640,5
2439,513,110,711,5
2440,443,335,721,5
2441,473,459,402,5
2442,713,546,405,5
2443,449,284,431,5
2444,518,167,470,5
2445,697,351,720,5
2446,598,234,682,5
2447,711,123,521,5
2448,521,139,582,5
2449,758,179,473,5
2450,637,196,765,5
2451,640,227,385,5
2452,658,362,752,5
2453,719,102,701,5
2454,358,111,368,5
2455,520,311,729,5
2456,352,541,509,5
2457,578,307,353,5
2458,372,493,390,5
2459,378,215,511,5
2460,407,185,730,5
2461,545,436,381,5
2462,677,122,355,5
2463,557,150,674,5
2464,503,534,499,5
2465,443,314,704,5
2466,694,212,633,5
2467,607,461,630,5
2468,352,250,389,5
2469,469,419,494,5
2470,593,514,648,5
2471,431,290,591,5
2472,771,150,673,5
2473,691,139,488,5
2474,400,406,629,5
2475,405,502,514,5
2476,434,345,718,5
2477,430,497,553,5
2478,368,527,786,5
2479,780,116,600,5
2480,519,168,668,5
2481,466,425,385,5
2482,595,290,451,5
2483,411,533,408,5
2484,377,198,547,5
2485,521,466,419,5
2486,546,397,593,5
2487,422,253,446,5
2488,780,305,400,5
2489,654,493,440,5
2490,465,344,770,5
2491,421,429,759,5
2492,731,377,696,5
2493,367,359,653,5
2494,452,235,433,5
2495,720,286,550,5
2496,673,456,509,5
2497,369,413,608,5
2498,651,501,720,5
2499,755,212,547,5
2500,480,214,799,5
2501,570,425,554,5
2502,399,198,377,5
2503,777,380,714,5
2504,546,353,570,5
2505,759,319,370,5
2506,613,273,502,5
2507,766,165,651,5
2508,731,403,578,5
2509,746,140,484,5
2510,601,335,556,5
2511,634,515,534,5
2512,367,333,785,5
2513,800,432,475,5
2514,708,470,694,5
2515,413,543,472,5
2516,439,494,439,5
2517,542,295,688,5
2518,446,360,755,5
2519,607,265,405,5
2520,368,172,369,5
2521,598,512,710,5
2522,516,231,764,5
2523,569,204,676,5
2524,755,230,748,5
2525,744,365,507,5
2526,596,285,406,5
2527,358,379,744,5
2528,432,102,655,5
2529,531,293,590,5
2530,655,295,496,5
2531,542,545,744,5
2532,634,355,587,5
2533,534,544,534,5
2534,708,126,752,5
2535,687,224,555,5
2536,423,509,407,5
2537,433,419,794,5
2538,747,314,761,5
2539,356,452,716,5
2540,681,301,668,5
2541,740,261,799,5
2542,776,541,611,5
2543,355,225,529,5
2544,401,281,439,5
2545,370,422,399,5
2546,721,457,486,5
2547,426,435,512,5
2548,398,512,711,5
2549,676,118,788,5
2550,589,215,500,5
2551,714,237,350,5
2552,612,365,700,5
2553,620,447,422,5
2554,360,360,647,5
2555,611,265,728,5
2556,734,206,553,5
2557,654,324,512,5
2558,539,107,696,5
2559,558,326,617,5
2560,720,331,477,5
2561,645,403,680,5
2562,673,226,462,5
2563,396,310,359,5
2564,440,405,621,5
2565,360,372,733,5
2566,621,115,784,5
2567,625,245,519,5
2568,373,514,622,5
2569,778,529,504,5
2570,719,140,475,5
2571,519,280,390,5
2572,572,310,442,5
2573,458,433,409,5
2574,793,550,499,5
2575,534,368,761,5
2576,762,457,562,5
2577,455,344,364,5
2578,398,549,727,5
2579,712,190,716,5
2580,763,480,743,5
2581,395,510,764,5
2582,550,443,773,5
2583,651,488,479,5
2584,392,455,447,5
2585,446,300,721,5
2586,753,450,579,5
2587,708,267,398,5
2588,399,493,797,5
2589,444,445,568,5
2590,697,369,506,5
2591,585,543,403,5
2592,744,261,457,5
2593,427,530,641,5
2594,668,442,707,5
2595,786,520,639,5
2596,443,115,630,5
2597,463,124,395,5
2598,373,132,429,5
2599,433,464,764,5
2600,435,422,722,5
2601,501,532,719,5
2602,644,206,395,5
2603,579,439,644,5
2604,583,426,498,5
2605,603,144,654,5
2606,543,138,605,5
2607,768,543,384,5
2608,354,239,523,5
2609,480,496,505,5
2610,612,520,755,5
2611,479,187,565,5
2612,500,515,500,5
2613,721,301,606,5
2614,742,248,743,5
2615,665,230,588,5
2616,687,225,516,5
2617,759,186,589,5
2618,442,501,775,5
2619,634,121,459,5
2620,356,489,771,5
2621,513,182,686,5
2622,681,471,369,5
2623,547,217,714,5
2624,609,260,588,5
2625,719,330,653,5
2626,412,117,355,5
2627,433,371,662,5
2628,538,173,474,5
2629,637,407,565,5
2630,575,431,409,5
2631,799,264,714,5
2632,601,293,457,5
2633,740,199,693,5
2634,421,326,507,5
2635,794,232,451,5
2636,430,118,596,5
2637,603,221,482,5
2638,597,221,771,5
2639,588,544,584,5
2640,708,381,628,5
2641,367,330,488,5
2642,762,166,762,5
2643,476,541,764,5
2644,630,355,518,5
2645,486,427,426,5
2646,437,542,376,5
2647,407,547,653,5
2648,568,500,734,5
2649,800,549,792,5
2650,611,104,634,5
2651,535,295,390,5
2652,469,179,503,5
2653,456,116,455,5
2654,522,316,691,5
2655,605,199,644,5
2656,471,368,386,5
2657,727,390,730,5
2658,655,146,412,5
2659,715,180,739,5
2660,567,276,372,5
2661,705,139,383,5
2662,504,308,783,5
2663,410,482,579,5
2664,421,541,598,5
2665,548,236,531,5
2666,713,512,594,5
2667,609,203,652,5
2668,579,122,416,5
2669,387,146,430,5
2670,618,488,419,5
2671,446,375,647,5
2672,423,357,713,5
2673,757,390,493,5
2674,545,230,384,5
2675,736,452,603,5
2676,541,411,766,5
2677,645,449,412,5
2678,556,140,703,5
2679,638,322,687,5
2680,450,405,606,5
2681,702,207,499,5
2682,665,361,547,5
2683,493,354,789,5
2684,769,287,554,5
2685,676,373,651,5
2686,396,166,795,5
2687,447,158,767,5
2688,599,511,768,5
2689,407,527,460,5
2690,642,400,593,5
2691,464,315,730,5
2692,579,260,353,5
2693,644,170,644,5
2694,367,247,451,5
2695,421,469,419,5
2696,385,250,660,5
2697,379,263,614,5
2698,474,503,564,5
2699,775,347,612,5
2700,618,152,482,5
2701,704,507,607,5
2702,700,125,599,5
2703,481,137,719,5
2704,550,312,690,5
2705,659,457,509,5
2706,454,327,439,5
2707,469,194,756,5
2708,690,411,647,5
2709,538,543,726,5
2710,373,107,588,5
2711,751,306,710,5
2712,712,243,781,5
2713,714,180,611,5
2714,390,399,408,5
2715,689,140,519,5
2716,473,265,629,5
2717,759,314,462,5
2718,451,299,520,5
2719,749,312,520,5
2720,610,259,552,5
2721,392,109,409,5
2722,372,255,453,5
2723,466,438,470,5
2724,421,183,654,5
2725,475,445,697,5
2726,533,115,628,5
2727,421,506,578,5
2728,575,525,606,5
2729,732,352,738,5
2730,484,295,576,5
2731,705,355,529,5
2732,757,450,610,5
2733,644,524,718,5
2734,612,176,715,5
2735,450,413,553,5
2736,706,121,784,5
2737,438,446,517,5
2738,699,340,406,5
2739,352,156,581,5
2740,627,389,470,5
2741,506,132,497,5
2742,543,302,351,5
2743,452,386,790,5
2744,547,247,744,5
2745,571,242,590,5
2746,739,296,698,5
2747,718,142,699,5
2748,388,264,491,5
2749,707,212,442,5
2750,556,200,621,5
2751,685,529,380,5
2752,774,482,779,5
2753,589,158,569,5
2754,693,326,504,5
2755,724,234,387,5
2756,544,100,525,5
2757,540,479,471,5
2758,494,452,370,5
2759,639,262,564,5
2760,726,297,707,5
2761,365,438,668,5
2762,685,441,413,5
2763,744,311,520,5
2764,502,459,745,5
2765,710,238,617,5
2766,707,379,697,5
2767,365,122,358,5
2768,788,193,773,5
2769,422,328,507,5
2770,653,435,790,5
2771,758,258,571,5
2772,743,441,476,5
2773,773,195,775,5
2774,772,160,363,5
2775,724,259,485,5
2776,543,461,423,5
2777,413,126,418,5
2778,443,185,749,5
2779,756,194,767,5
2780,679,111,567,5
2781,417,236,442,5
2782,465,123,676,5
2783,800,330,760,5
2784,556,344,737,5
2785,604,462,655,5
2786,602,196,712,5
2787,404,102,750,5
2788,684,199,667,5
2789,559,344,732,5
2790,465,131,589,5
2791,586,520,455,5
2792,444,205,751,5
2793,363,453,494,5
2794,750,271,490,5
2795,653,358,515,5
2796,721,161,692,5
2797,543,313,359,5
2798,768,372,361,5
2799,734,465,610,5
2800,527,198,396,5
2801,601,214,603,5
2802,507,377,534,5
2803,446,417,449,5
2804,766,391,626,5
2805,753,409,429,5
2806,754,253,435,5
2807,739,220,361,5
2808,744,348,559,5
2809,379,322,771,5
2810,605,472,703,5
2811,662,327,454,5
2812,795,479,686,5
2813,651,282,364,5
2814,654,520,492,5
2815,381,398,783,5
2816,655,497,481,5
2817,393,171,693,5
2818,436,326,473,5
2819,682,321,354,5
2820,737,491,691,5
2821,564,144,398,5
2822,679,330,498,5
2823,730,306,708,5
2824,359,136,661,5
2825,690,476,546,5
2826,745,263,468,5
2827,560,266,408,5
2828,532,244,470,5
2829,594,190,495,5
2830,725,119,500,5
2831,365,527,785,5
2832,350,348,558,5
2833,573,131,495,5
2834,709,493,520,5
2835,786,491,731,5
2836,696,250,609,5
2837,742,254,673,5
2838,502,538,442,5
2839,744,537,585,5
2840,515,296,366,5
2841,669,340,548,5
2842,545,435,494,5
2843,693,120,569,5
2844,727,170,506,5
2845,624,482,353,5
2846,598,311,372,5
2847,521,118,684,5
2848,623,232,488,5
2849,487,101,685,5
2850,558,191,416,5
2851,662,103,441,5
2852,402,537,702,5
2853,542,160,485,5
2854,623,214,727,5
2855,375,412,682,5
2856,757,269,791,5
2857,645,166,726,5
2858,510,234,650,5
2859,421,503,590,5
2860,560,346,777,5
2861,446,123,742,5
2862,690,186,412,5
2863,375,161,617,5
2864,645,468,615,5
2865,537,219,483,5
2866,396,437,569,5
2867,661,369,785,5
2868,595,265,614,5
2869,538,464,509,5
2870,459,172,456,5
2871,539,330,409,5
2872,529,369,555,5
2873,460,484,739,5
2874,505,235,636,5
2875,550,266,520,5
2876,456,371,645,5
2877,662,393,471,5
2878,667,137,509,5
2879,492,273,696,5
2880,389,129,628,5
2881,712,453,698,5
2882,790,393,388,5
2883,611,386,482,5
2884,470,503,516,5
2885,776,457,622,5
2886,414,433,529,5
2887,591,436,458,5
2888,668,193,626,5
2889,784,297,386,5
2890,586,532,375,5
2891,366,364,637,5
2892,502,311,426,5
2893,435,464,799,5
2894,555,301,565,5
2895,560,281,645,5
2896,548,482,738,5
2897,799,457,509,5
2898,788,346,653,5
2899,499,337,713,5
2900,377,207,649,5
2901,644,281,489,5
2902,544,508,706,5
2903,720,542,417,5
2904,771,513,632,5
2905,351,260,458,5
2906,394,212,516,5
2907,742,543,714,5
2908,383,315,751,5
2909,624,440,447,5
2910,788,399,626,5
2911,353,448,357,5
2912,432,184,713,5
2913,437,462,589,5
2914,641,338,662,5
2915,592,358,363,5
2916,581,387,772,5
2917,488,259,602,5
2918,631,187,392,5
2919,798,318,623,5
2920,397,391,390,5
2921,768,226,756,5
2922,535,395,470,5
2923,763,106,514,5
2924,358,317,490,5
2925,462,147,696,5
2926,457,472,583,5
2927,370,479,411,5
2928,356,349,572,5
2929,362,387,511,5
2930,723,494,500,5
2931,795,454,479,5
2932,439,395,392,5
2933,653,310,353,5
2934,706,102,607,5
2935,421,390,385,5
2936,690,211,663,5
2937,479,351,733,5
2938,634,536,587,5
2939,528,163,719,5
2940,511,240,672,5
2941,660,248,592,5
2942,672,127,449,5
2943,757,259,625,5
2944,582,261,686,5
2945,626,142,777,5
2946,474,206,610,5
2947,401,409,721,5
2948,644,333,586,5
2949,643,352,442,5
2950,604,142,418,5
2951,482,181,421,5
2952,576,102,698,5
2953,536,542,490,5
2954,653,119,592,5
2955,572,470,466,5
2956,365,274,779,5
2957,700,363,706,5
2958,571,244,425,5
2959,412,510,382,5
2960,622,448,412,5
2961,623,208,777,5
2962,653,364,780,5
2963,799,408,476,5
2964,587,161,554,5
2965,601,478,475,5
2966,702,133,396,5
2967,417,220,773,5
2968,516,165,636,5
2969,553,500,618,5
2970,395,515,376,5
2971,405,231,739,5
2972,597,342,423,5
2973,424,480,794,5
2974,646,498,673,5
2975,701,536,512,5
2976,652,443,700,5
2977,770,223,510,5
2978,723,120,501,5
2979,482,235,537,5
2980,626,239,396,5
2981,434,281,519,5
2982,477,380,489,5
2983,753,509,670,5
2984,788,135,600,5
2985,504,338,425,5
2986,567,315,694,5
2987,663,218,742,5
2988,624,525,430,5
2989,639,168,385,5
2990,609,414,646,5
2991,549,447,555,5
2992,403,306,542,5
2993,397,151,719,5
2994,552,135,496,5
2995,649,202,655,5
2996,607,375,477,5
2997,489,532,480,5
2998,763,350,645,5
2999,357,510,698,5
